Insert into Performers(PerformersID, performer_name) values (1, N'The Slot');
Insert into Performers(PerformersID, performer_name) values (2, N'Madonna');
Insert into Performers(PerformersID, performer_name) values (3, N'Lana Del Rey');
Insert into Performers(PerformersID, performer_name) values (4, N'Taylor Swift');
Insert into Performers(PerformersID, performer_name) values (5, N'Within Temptation');
Insert into Performers(PerformersID, performer_name) values (6, N'As I Lay Dying');
Insert into Performers(PerformersID, performer_name) values (7, N'In Flames');
Insert into Performers(PerformersID, performer_name) values (8, N'Michael Jackson');
Insert into Performers(PerformersID, performer_name) values (9, N'Slipknot');



Insert into albumList (AlbumListID, AlbumName, release_year) values (1, N'200 кВт', '20181130');
Insert into albumList (AlbumListID, AlbumName, release_year) values (2, N'Инстинкт выживания', '20210226');

Insert into albumList (AlbumListID, AlbumName, release_year) values (3, N'Rebel Heart', '20150306');
Insert into albumList (AlbumListID, AlbumName, release_year) values (4, N'Madame X', '20190614');

Insert into albumList (AlbumListID, AlbumName, release_year) values (5, N'Norman Fucking Rockwell!', '20180830');
Insert into albumList (AlbumListID, AlbumName, release_year) values (6, N'Chemtrails Over the Country Club', '20210319');

Insert into albumList (AlbumListID, AlbumName, release_year) values (7, N'Lover', '20190823');
Insert into albumList (AlbumListID, AlbumName, release_year) values (8, N'Folklore', '20200724');

Insert into albumList (AlbumListID, AlbumName, release_year) values (9, N'Hydra', '20140131');
Insert into albumList (AlbumListID, AlbumName, release_year) values (10, N'Resist', '20190201');

Insert into albumList (AlbumListID, AlbumName, release_year) values (11, N'Awakened', '20120925');
Insert into albumList (AlbumListID, AlbumName, release_year) values (12, N'Shaped by Fire', '20190920');

Insert into albumList (AlbumListID, AlbumName, release_year) values (13, N'Battles', '20161111');
Insert into albumList (AlbumListID, AlbumName, release_year) values (14, N'I, the Mask', '20190301');

Insert into albumList (AlbumListID, AlbumName, release_year) values (15, N'Thriller', '19821130');
Insert into albumList (AlbumListID, AlbumName, release_year) values (16, N'Bad', '19870831');

Insert into albumList (AlbumListID, AlbumName, release_year) values (17, N'.5: The Gray Chapter', '20141017');
Insert into albumList (AlbumListID, AlbumName, release_year) values (18, N'We Are Not Your Kind', '20190809');



Insert into Track (TrackID, track_name, duration, AlbumListID) values (1, N'200 кВт', '00:03:26', 1);
Insert into Track (TrackID, track_name, duration, AlbumListID) values (2, N'Кукушка', '00:04:14', 1);
Insert into Track (TrackID, track_name, duration, AlbumListID) values (3, N'ЗОЖ мой', '00:04:19', 1);
Insert into Track (TrackID, track_name, duration, AlbumListID) values (4, N'Я выберу Солнце', '00:03:56', 1);
Insert into Track (TrackID, track_name, duration, AlbumListID) values (5, N'Естественный отбор', '00:03:50', 1);
Insert into Track (TrackID, track_name, duration, AlbumListID) values (6, N'Сколько денег', '00:03:45', 1);
Insert into Track (TrackID, track_name, duration, AlbumListID) values (7, N'На Марс', '00:04:33', 1);
Insert into Track (TrackID, track_name, duration, AlbumListID) values (8, N'Не все равно', '00:04:25', 1);
Insert into Track (TrackID, track_name, duration, AlbumListID) values (9, N'#ЯЩЕТАЮ', '00:03:54', 1);
Insert into Track (TrackID, track_name, duration, AlbumListID) values (10, N'Система', '00:04:20', 1);
Insert into Track (TrackID, track_name, duration, AlbumListID) values (11, N'Ильич (Son of a bitch)', '00:03:17', 1);
Insert into Track (TrackID, track_name, duration, AlbumListID) values (12, N'Вселенная', '00:03:53', 1);

--slot
Insert into Track (TrackID, track_name, duration, AlbumListID) values (13, N'Introduction', '00:01:17', 2);
Insert into Track (TrackID, track_name, duration, AlbumListID) values (14, N'Инстинкт выживания', '00:03:58', 2);
Insert into Track (TrackID, track_name, duration, AlbumListID) values (15, N'Норма', '00:04:31', 2);
Insert into Track (TrackID, track_name, duration, AlbumListID) values (16, N'17 лет', '00:03:43', 2);
Insert into Track (TrackID, track_name, duration, AlbumListID) values (17, N'Чернуха', '00:03:52', 2);
Insert into Track (TrackID, track_name, duration, AlbumListID) values (18, N'Москва', '00:04:28', 2);
Insert into Track (TrackID, track_name, duration, AlbumListID) values (19, N'Джокер и Харли Квинн', '00:03:40', 2);
Insert into Track (TrackID, track_name, duration, AlbumListID) values (20, N'OBEY', '00:04:00', 2);
Insert into Track (TrackID, track_name, duration, AlbumListID) values (21, N'Big Bang', '00:03:49', 2);
Insert into Track (TrackID, track_name, duration, AlbumListID) values (22, N'Стадия гнева', '00:04:09', 2);

--madonna
Insert into Track (TrackID, track_name, duration, AlbumListID) values (23, N'Living for Love', '00:03:38', 3);
Insert into Track (TrackID, track_name, duration, AlbumListID) values (24, N'Devil Pray', '00:04:05', 3);
Insert into Track (TrackID, track_name, duration, AlbumListID) values (25, N'Ghosttown', '00:04:08', 3);
Insert into Track (TrackID, track_name, duration, AlbumListID) values (26, N'Unapologetic Bitch', '00:03:50', 3);
Insert into Track (TrackID, track_name, duration, AlbumListID) values (27, N'Illuminati', '00:03:43', 3);
Insert into Track (TrackID, track_name, duration, AlbumListID) values (28, N'Bitch I`m Madonna', '00:03:47', 3);
Insert into Track (TrackID, track_name, duration, AlbumListID) values (29, N'Hold Tight', '00:03:37', 3);
Insert into Track (TrackID, track_name, duration, AlbumListID) values (30, N'Joan of Arc', '00:04:01', 3);
Insert into Track (TrackID, track_name, duration, AlbumListID) values (31, N'Iconic', '00:04:33', 3);
Insert into Track (TrackID, track_name, duration, AlbumListID) values (32, N'HeartBreakCity', '00:03:33', 3);
Insert into Track (TrackID, track_name, duration, AlbumListID) values (33, N'Body Shop', '00:03:39', 3);
Insert into Track (TrackID, track_name, duration, AlbumListID) values (34, N'Holy Water', '00:04:09', 3);
Insert into Track (TrackID, track_name, duration, AlbumListID) values (35, N'Inside Out', '00:04:23', 3);
Insert into Track (TrackID, track_name, duration, AlbumListID) values (36, N'Wash All Over Me', '00:04:00', 3);

--madonna
Insert into Track (TrackID, track_name, duration, AlbumListID) values (37, N'Medellín', '00:04:58', 4);
Insert into Track (TrackID, track_name, duration, AlbumListID) values (38, N'Dark Ballet', '00:04:14', 4);
Insert into Track (TrackID, track_name, duration, AlbumListID) values (39, N'God Control', '00:06:19', 4);
Insert into Track (TrackID, track_name, duration, AlbumListID) values (40, N'Future', '00:03:53', 4);
Insert into Track (TrackID, track_name, duration, AlbumListID) values (41, N'Batuka', '00:04:57', 4);
Insert into Track (TrackID, track_name, duration, AlbumListID) values (42, N'Killers Who Are Partying', '00:05:28', 4);
Insert into Track (TrackID, track_name, duration, AlbumListID) values (43, N'Crave', '00:03:21', 4);
Insert into Track (TrackID, track_name, duration, AlbumListID) values (44, N'Crazy', '00:04:02', 4);
Insert into Track (TrackID, track_name, duration, AlbumListID) values (45, N'Come Alive', '00:04:02', 4);
Insert into Track (TrackID, track_name, duration, AlbumListID) values (46, N'Faz Gostoso', '00:04:05', 4);
Insert into Track (TrackID, track_name, duration, AlbumListID) values (47, N'Bitch I`m Loca', '00:02:50', 4);
Insert into Track (TrackID, track_name, duration, AlbumListID) values (48, N'I Don`t Search I Find', '00:04:08', 4);

--lana del rey
Insert into Track (TrackID, track_name, duration, AlbumListID) values (49, N'Norman Fucking Rockwell', '00:04:08', 5);
Insert into Track (TrackID, track_name, duration, AlbumListID) values (50, N'Mariners Apartment Complex', '00:04:06', 5);
Insert into Track (TrackID, track_name, duration, AlbumListID) values (51, N'Venice Bitch', '00:09:38', 5);
Insert into Track (TrackID, track_name, duration, AlbumListID) values (52, N'Fuck It I Love Youruen', '00:03:38', 5);
Insert into Track (TrackID, track_name, duration, AlbumListID) values (53, N'Doin` Time', '00:03:22', 5);
Insert into Track (TrackID, track_name, duration, AlbumListID) values (54, N'Love Song', '00:03:49', 5);
Insert into Track (TrackID, track_name, duration, AlbumListID) values (55, N'Cinnamon Girlruen', '00:05:00', 5);
Insert into Track (TrackID, track_name, duration, AlbumListID) values (56, N'How to Disappear', '00:03:48', 5);
Insert into Track (TrackID, track_name, duration, AlbumListID) values (57, N'California', '00:05:05', 5);
Insert into Track (TrackID, track_name, duration, AlbumListID) values (58, N'The Next Best American Record', '00:05:49', 5);
Insert into Track (TrackID, track_name, duration, AlbumListID) values (59, N'The Greatestruen', '00:05:00', 5);
Insert into Track (TrackID, track_name, duration, AlbumListID) values (60, N'Bartender', '00:04:23', 5);
Insert into Track (TrackID, track_name, duration, AlbumListID) values (61, N'Happiness Is a Butterfly', '00:04:32', 5);
Insert into Track (TrackID, track_name, duration, AlbumListID) values (62, N'Hope Is a Dangerous Thing for a Woman Like Me to Have – but I Have It', '00:05:24', 5);

--lana del rey
Insert into Track (TrackID, track_name, duration, AlbumListID) values (63, N'White Dress', '00:05:33', 6);
Insert into Track (TrackID, track_name, duration, AlbumListID) values (64, N'Chemtrails Over the Country Club', '00:04:31', 6);
Insert into Track (TrackID, track_name, duration, AlbumListID) values (65, N'Tulsa Jesus Freak', '00:03:35', 6);
Insert into Track (TrackID, track_name, duration, AlbumListID) values (66, N'Let Me Love You Like A Woman', '00:03:21', 6);
Insert into Track (TrackID, track_name, duration, AlbumListID) values (67, N'Wild at Heart', '00:04:06', 6);
Insert into Track (TrackID, track_name, duration, AlbumListID) values (68, N'Dark But Just a Game', '00:03:55', 6);
Insert into Track (TrackID, track_name, duration, AlbumListID) values (69, N'Not All Who Wander Are Lost', '00:04:07', 6);
Insert into Track (TrackID, track_name, duration, AlbumListID) values (70, N'Yosemite', '00:05:04', 6);
Insert into Track (TrackID, track_name, duration, AlbumListID) values (71, N'Breaking Up Slowly', '00:02:57', 6);
Insert into Track (TrackID, track_name, duration, AlbumListID) values (72, N'Dance Till We Die', '00:04:03', 6);

--Taylor Swift
Insert into Track (TrackID, track_name, duration, AlbumListID) values (73, N'I Forgot That You Existed', '00:02:51', 7);
Insert into Track (TrackID, track_name, duration, AlbumListID) values (74, N'Cruel Summer', '00:02:58', 7);
Insert into Track (TrackID, track_name, duration, AlbumListID) values (75, N'Lover', '00:03:41', 7);
Insert into Track (TrackID, track_name, duration, AlbumListID) values (76, N'The Man', '00:03:10', 7);
Insert into Track (TrackID, track_name, duration, AlbumListID) values (77, N'The Archer', '00:03:31', 7);
Insert into Track (TrackID, track_name, duration, AlbumListID) values (78, N'I Think He Knows', '00:02:53', 7);
Insert into Track (TrackID, track_name, duration, AlbumListID) values (79, N'Miss Americana & The Heartbreak Prince', '00:03:54', 7);
Insert into Track (TrackID, track_name, duration, AlbumListID) values (80, N'Paper Rings', '00:03:42', 7);
Insert into Track (TrackID, track_name, duration, AlbumListID) values (81, N'Cornelia Street', '00:04:47', 7);
Insert into Track (TrackID, track_name, duration, AlbumListID) values (82, N'Death By A Thousand Cuts', '00:03:19', 7);
Insert into Track (TrackID, track_name, duration, AlbumListID) values (83, N'London Boy', '00:03:10', 7);
Insert into Track (TrackID, track_name, duration, AlbumListID) values (84, N'Soon You`ll Get Better', '00:03:22', 7);
Insert into Track (TrackID, track_name, duration, AlbumListID) values (85, N'False God', '00:03:20', 7);
Insert into Track (TrackID, track_name, duration, AlbumListID) values (86, N'You Need To Calm Down', '00:02:51', 7);
Insert into Track (TrackID, track_name, duration, AlbumListID) values (87, N'Afterglow', '00:03:43', 7);
Insert into Track (TrackID, track_name, duration, AlbumListID) values (88, N'ME!', '00:03:13', 7);
Insert into Track (TrackID, track_name, duration, AlbumListID) values (89, N'Daylight', '00:04:53', 7);

--Taylor Swift
Insert into Track (TrackID, track_name, duration, AlbumListID) values (90, N'The 1', '00:03:30', 8);
Insert into Track (TrackID, track_name, duration, AlbumListID) values (91, N'Cardigan', '00:03:59', 8);
Insert into Track (TrackID, track_name, duration, AlbumListID) values (92, N'The Last Great American Dynasty', '00:03:51', 8);
Insert into Track (TrackID, track_name, duration, AlbumListID) values (93, N'Exile', '00:04:45', 8);
Insert into Track (TrackID, track_name, duration, AlbumListID) values (94, N'My Tears Ricochet', '00:04:15', 8);
Insert into Track (TrackID, track_name, duration, AlbumListID) values (95, N'Mirrorball', '00:03:29', 8);
Insert into Track (TrackID, track_name, duration, AlbumListID) values (96, N'Seven', '00:03:28', 8);
Insert into Track (TrackID, track_name, duration, AlbumListID) values (97, N'August', '00:04:21', 8);
Insert into Track (TrackID, track_name, duration, AlbumListID) values (98, N'This Is Me Trying', '00:03:15', 8);
Insert into Track (TrackID, track_name, duration, AlbumListID) values (99, N'Illicit Affairs', '00:03:10', 8);
Insert into Track (TrackID, track_name, duration, AlbumListID) values (100, N'Invisible String', '00:04:12', 8);
Insert into Track (TrackID, track_name, duration, AlbumListID) values (101, N'Mad Woman', '00:03:57', 8);
Insert into Track (TrackID, track_name, duration, AlbumListID) values (102, N'Epiphany', '00:04:49', 8);
Insert into Track (TrackID, track_name, duration, AlbumListID) values (103, N'Betty', '00:04:54', 8);
Insert into Track (TrackID, track_name, duration, AlbumListID) values (104, N'Peace', '00:03:54', 8);
Insert into Track (TrackID, track_name, duration, AlbumListID) values (105, N'Hoax', '00:03:40', 8);

-- within temptation
Insert into Track (TrackID, track_name, duration, AlbumListID) values (106, N'Let Us Burn', '00:05:31', 9);
Insert into Track (TrackID, track_name, duration, AlbumListID) values (107, N'Dangerous', '00:04:53', 9);
Insert into Track (TrackID, track_name, duration, AlbumListID) values (108, N'And We Run ', '00:03:50', 9);

-- within temptation
Insert into Track (TrackID, track_name, duration, AlbumListID) values (109, N'The Reckoning', '00:04:11', 10);
Insert into Track (TrackID, track_name, duration, AlbumListID) values (110, N'Endless War', '00:04:10', 10);
Insert into Track (TrackID, track_name, duration, AlbumListID) values (111, N'Raise Your Banner', '00:05:34', 10);

-- as I lay dying
Insert into Track (TrackID, track_name, duration, AlbumListID) values (112, N'Cauterize', '00:03:37', 11);
Insert into Track (TrackID, track_name, duration, AlbumListID) values (113, N'A Greater Foundation', '00:03:46', 11);
Insert into Track (TrackID, track_name, duration, AlbumListID) values (114, N'Resilience', '00:04:07', 11);

-- as I lay dying
Insert into Track (TrackID, track_name, duration, AlbumListID) values (115, N'Burn to Emerge', '00:00:52', 12);
Insert into Track (TrackID, track_name, duration, AlbumListID) values (116, N'Blinded', '00:03:22', 12);
Insert into Track (TrackID, track_name, duration, AlbumListID) values (117, N'Shaped by Fire', '00:03:38', 12);

-- In flames
Insert into Track (TrackID, track_name, duration, AlbumListID) values (118, N'Drained', '00:04:06', 13);
Insert into Track (TrackID, track_name, duration, AlbumListID) values (119, N'The End', '00:03:58', 13);
Insert into Track (TrackID, track_name, duration, AlbumListID) values (120, N'Like Sand', '00:03:43', 13);

-- In flames
Insert into Track (TrackID, track_name, duration, AlbumListID) values (121, N'Voices', '00:04:47', 14);
Insert into Track (TrackID, track_name, duration, AlbumListID) values (122, N'I, the Mask', '00:03:41', 14);
Insert into Track (TrackID, track_name, duration, AlbumListID) values (123, N'Call My Name', '00:03:33', 14);

-- Michael Jackson
Insert into Track (TrackID, track_name, duration, AlbumListID) values (124, N'Wanna Be Starting Something', '00:06:03', 15);
Insert into Track (TrackID, track_name, duration, AlbumListID) values (125, N'Baby Be Mine', '00:04:20', 15);
Insert into Track (TrackID, track_name, duration, AlbumListID) values (126, N'The Girl Is Mine', '00:03:42', 15);
Insert into Track (TrackID, track_name, duration, AlbumListID) values (127, N'Thriller', '00:05:57', 15);
-- Michael Jackson
Insert into Track (TrackID, track_name, duration, AlbumListID) values (128, N'Bad', '00:04:07', 16);
Insert into Track (TrackID, track_name, duration, AlbumListID) values (129, N'The Way You Make Me Feel', '00:04:59', 16);
Insert into Track (TrackID, track_name, duration, AlbumListID) values (130, N'Speed Demon', '00:04:01', 16);

-- Slipknot
Insert into Track (TrackID, track_name, duration, AlbumListID) values (131, N' XIX', '00:03:10', 17);
Insert into Track (TrackID, track_name, duration, AlbumListID) values (132, N'Sarcastrophe', '00:05:06', 17);
Insert into Track (TrackID, track_name, duration, AlbumListID) values (133, N'AOV', '00:05:32', 17);
Insert into Track (TrackID, track_name, duration, AlbumListID) values (134, N'The Devil in I', '00:05:42', 17);

-- Slipknot
Insert into Track (TrackID, track_name, duration, AlbumListID) values (135, N'Insert Coin', '00:01:38', 18);
Insert into Track (TrackID, track_name, duration, AlbumListID) values (136, N'Unsainted', '00:04:20', 18);
Insert into Track (TrackID, track_name, duration, AlbumListID) values (137, N'Birth of the Cruel', '00:04:35', 18);



Insert into musical_genre (MusicalGenreID, genre_name) values (1, N'nu metal');
Insert into musical_genre (MusicalGenreID, genre_name) values (2, N'rapcore');
Insert into musical_genre (MusicalGenreID, genre_name) values (3, N'alternative metal');
Insert into musical_genre (MusicalGenreID, genre_name) values (4, N'pop');
Insert into musical_genre (MusicalGenreID, genre_name) values (5, N'dance pop');
Insert into musical_genre (MusicalGenreID, genre_name) values (6, N'indie pop');
Insert into musical_genre (MusicalGenreID, genre_name) values (7, N'Symphonic metal');
Insert into musical_genre (MusicalGenreID, genre_name) values (8, N'metalcore');



Insert into PerformersGenre(PerformersID, MusicalGenreID) values (1, 1);
Insert into PerformersGenre(PerformersID, MusicalGenreID) values (1, 2);
Insert into PerformersGenre(PerformersID, MusicalGenreID) values (1, 3);
Insert into PerformersGenre(PerformersID, MusicalGenreID) values (2, 4);
Insert into PerformersGenre(PerformersID, MusicalGenreID) values (2, 5);
Insert into PerformersGenre(PerformersID, MusicalGenreID) values (3, 4);
Insert into PerformersGenre(PerformersID, MusicalGenreID) values (3, 6);
Insert into PerformersGenre(PerformersID, MusicalGenreID) values (4, 4);
Insert into PerformersGenre(PerformersID, MusicalGenreID) values (5, 7);
Insert into PerformersGenre(PerformersID, MusicalGenreID) values (6, 3);
Insert into PerformersGenre(PerformersID, MusicalGenreID) values (6, 8);
Insert into PerformersGenre(PerformersID, MusicalGenreID) values (7, 7);
Insert into PerformersGenre(PerformersID, MusicalGenreID) values (7, 3);
Insert into PerformersGenre(PerformersID, MusicalGenreID) values (8, 4);
Insert into PerformersGenre(PerformersID, MusicalGenreID) values (8, 5);
Insert into PerformersGenre(PerformersID, MusicalGenreID) values (9, 1);
Insert into PerformersGenre(PerformersID, MusicalGenreID) values (9, 2);
Insert into PerformersGenre(PerformersID, MusicalGenreID) values (9, 3);
Insert into PerformersGenre(PerformersID, MusicalGenreID) values (9, 8);



Insert into PerformersAlbum(PerformersID, AlbumListID) values (1, 1);
Insert into PerformersAlbum(PerformersID, AlbumListID) values (1, 2);
Insert into PerformersAlbum(PerformersID, AlbumListID) values (2, 3);
Insert into PerformersAlbum(PerformersID, AlbumListID) values (2, 4);
Insert into PerformersAlbum(PerformersID, AlbumListID) values (3, 5);
Insert into PerformersAlbum(PerformersID, AlbumListID) values (3, 6);
Insert into PerformersAlbum(PerformersID, AlbumListID) values (4, 7);
Insert into PerformersAlbum(PerformersID, AlbumListID) values (4, 8);
Insert into PerformersAlbum(PerformersID, AlbumListID) values (5, 9);
Insert into PerformersAlbum(PerformersID, AlbumListID) values (5, 10);
Insert into PerformersAlbum(PerformersID, AlbumListID) values (6, 11);
Insert into PerformersAlbum(PerformersID, AlbumListID) values (6, 12);
Insert into PerformersAlbum(PerformersID, AlbumListID) values (7, 13);
Insert into PerformersAlbum(PerformersID, AlbumListID) values (7, 14);
Insert into PerformersAlbum(PerformersID, AlbumListID) values (8, 15);
Insert into PerformersAlbum(PerformersID, AlbumListID) values (8, 16);
Insert into PerformersAlbum(PerformersID, AlbumListID) values (9, 17);
Insert into PerformersAlbum(PerformersID, AlbumListID) values (9, 18);



Insert into Collection(CollectionID, collection_name, collection_year) values (1, N'collection_1', '20170101');
Insert into Collection(CollectionID, collection_name, collection_year) values (2, N'collection_2', '20170302');
Insert into Collection(CollectionID, collection_name, collection_year) values (3, N'collection_3', '20180821');
Insert into Collection(CollectionID, collection_name, collection_year) values (4, N'collection_4', '20180912');
Insert into Collection(CollectionID, collection_name, collection_year) values (5, N'collection_5', '20190604');
Insert into Collection(CollectionID, collection_name, collection_year) values (6, N'collection_6', '20201213');
Insert into Collection(CollectionID, collection_name, collection_year) values (7, N'collection_7', '20210724');



Insert into TrackCollection(CollectionID, TrackID) values (1, 1);
Insert into TrackCollection(CollectionID, TrackID) values (1, 5);
Insert into TrackCollection(CollectionID, TrackID) values (1, 10);
Insert into TrackCollection(CollectionID, TrackID) values (1, 15);
Insert into TrackCollection(CollectionID, TrackID) values (2, 20);
Insert into TrackCollection(CollectionID, TrackID) values (2, 25);
Insert into TrackCollection(CollectionID, TrackID) values (2, 30);
Insert into TrackCollection(CollectionID, TrackID) values (2, 35);
Insert into TrackCollection(CollectionID, TrackID) values (3, 40);
Insert into TrackCollection(CollectionID, TrackID) values (3, 45);
Insert into TrackCollection(CollectionID, TrackID) values (3, 50);
Insert into TrackCollection(CollectionID, TrackID) values (3, 55);
Insert into TrackCollection(CollectionID, TrackID) values (4, 60);
Insert into TrackCollection(CollectionID, TrackID) values (4, 65);
Insert into TrackCollection(CollectionID, TrackID) values (4, 70);
Insert into TrackCollection(CollectionID, TrackID) values (4, 75);
Insert into TrackCollection(CollectionID, TrackID) values (5, 80);
Insert into TrackCollection(CollectionID, TrackID) values (5, 85);
Insert into TrackCollection(CollectionID, TrackID) values (5, 90);
Insert into TrackCollection(CollectionID, TrackID) values (5, 95);
Insert into TrackCollection(CollectionID, TrackID) values (6, 100);
Insert into TrackCollection(CollectionID, TrackID) values (6, 105);
Insert into TrackCollection(CollectionID, TrackID) values (6, 110);
Insert into TrackCollection(CollectionID, TrackID) values (6, 115);
Insert into TrackCollection(CollectionID, TrackID) values (7, 120);
Insert into TrackCollection(CollectionID, TrackID) values (7, 125);
Insert into TrackCollection(CollectionID, TrackID) values (7, 130);
Insert into TrackCollection(CollectionID, TrackID) values (7, 135);
--